producto_id,clase,revenue_opt,margin_opt,n_days,margin_contribution_pct
0309020005,03CARN     ,1343212.81,778224.77,736,57.94
0309020020,03CARN     ,650443.16,322554.07,736,49.59
0308010001,03CARN     ,772686.88,299645.8,736,38.78
0308050006,03CARN     ,572807.23,254547.22,736,44.44
0308020003,03CARN     ,542264.39,227737.38,736,42.0
0802050003,08FRUV     ,493321.71,224500.99,736,45.51
0509060001,05CHAR     ,564152.94,219137.53,736,38.84
0301020003,03CARN     ,282484.23,178565.3,734,63.21
0309020017,03CARN     ,247603.15,155111.51,736,62.65
0301040001,03CARN     ,311573.3,149667.18,734,48.04
0308050008,03CARN     ,270445.34,127382.18,736,47.1
0509060004,05CHAR     ,312104.34,122912.32,732,39.38
0806010011,08FRUV     ,336409.82,119220.91,736,35.44
0802020012,08FRUV     ,318422.37,115794.44,736,36.37
0309020011,03CARN     ,183314.39,108260.72,731,59.06
0509130025,05CHAR     ,219370.23,95272.91,730,43.43
0308020001,03CARN     ,185596.02,85306.45,726,45.96
0806010006,08FRUV     ,183370.53,77340.3,736,42.18
0509100021,05CHAR     ,187338.08,76165.19,735,40.66
0309020004,03CARN     ,150268.89,75855.3,734,50.48
0509060008,05CHAR     ,233814.25,75765.09,735,32.4
0803010032,08FRUV     ,183692.42,67308.56,736,36.64
0309020002,03CARN     ,100986.46,56374.61,559,55.82
0504030034,05CHAR     ,147364.35,53818.31,726,36.52
0802050001,08FRUV     ,160693.72,52856.22,736,32.89
0802020008,08FRUV     ,125810.8,52238.72,736,41.52
0309020003,03CARN     ,100954.64,51209.01,725,50.72
0308030001,03CARN     ,104504.76,48805.07,720,46.7
0802010012,08FRUV     ,126066.07,46742.92,736,37.08
0301020004,03CARN     ,67880.65,46596.98,538,68.65
0802010024,08FRUV     ,98427.85,45946.09,736,46.68
0309030003,03CARN     ,55903.95,45384.17,502,81.18
0509150023,05CHAR     ,104899.87,44824.13,722,42.73
0309020007,03CARN     ,204219.79,42294.03,732,20.71
0509070007,05CHAR     ,92284.12,37750.83,624,40.91
0504040033,05CHAR     ,108081.27,37458.28,736,34.66
0309020010,03CARN     ,52657.54,37054.27,491,70.37
0308020004,03CARN     ,111754.09,36669.69,704,32.81
0301020010,03CARN     ,53652.3,36500.45,311,68.03
0805010061,08FRUV     ,81840.61,35331.29,709,43.17
0509130028,05CHAR     ,72494.88,31076.79,719,42.87
0509110001,05CHAR     ,53499.99,29415.57,734,54.98
0806010013,08FRUV     ,64946.11,29277.11,736,45.08
0509100025,05CHAR     ,69484.34,28475.3,731,40.98
0301040003,03CARN     ,61289.35,26478.93,699,43.2
0308030003,03CARN     ,58741.24,26431.85,708,45.0
0506010001,05CHAR     ,42119.44,25072.88,538,59.53
0802040020,08FRUV     ,43144.27,23595.23,731,54.69
0802040006,08FRUV     ,39634.5,23247.37,731,58.65
0309020015,03CARN     ,33623.31,22958.03,435,68.28
0504030005,05CHAR     ,61609.33,22311.71,735,36.21
0502080091,05CHAR     ,68403.0,22260.84,733,32.54
0501040013,05CHAR     ,62704.52,22221.86,615,35.44
0301040002,03CARN     ,48837.4,21613.81,560,44.26
0509150008,05CHAR     ,50899.32,21188.44,724,41.63
0803010012,08FRUV     ,40897.98,20322.62,736,49.69
0802040023,08FRUV     ,39839.62,20250.99,713,50.83
0504040022,05CHAR     ,53270.05,20096.25,735,37.73
0309040003,03CARN     ,41497.89,19602.22,327,47.24
0301020002,03CARN     ,34324.88,19413.08,210,56.56
0509130023,05CHAR     ,46999.14,19120.01,732,40.68
0504040030,05CHAR     ,50518.45,18852.65,719,37.32
0309020008,03CARN     ,58973.07,18712.68,725,31.73
0504040012,05CHAR     ,51087.43,18305.42,735,35.83
0504030042,05CHAR     ,53385.22,17978.55,736,33.68
0803010051,08FRUV     ,46639.38,17929.5,736,38.44
0309040007,03CARN     ,22523.03,17745.76,181,78.79
0802030005,08FRUV     ,46535.75,17674.24,736,37.98
0301020005,03CARN     ,30787.76,17564.04,393,57.05
0308040003,03CARN     ,57583.31,17522.39,733,30.43
0802030006,08FRUV     ,44970.27,17175.93,736,38.19
0309040010,03CARN     ,27230.98,16983.55,562,62.37
0509090014,05CHAR     ,50195.77,16824.18,514,33.52
0802030009,08FRUV     ,37567.74,16346.97,684,43.51
0802030007,08FRUV     ,41994.12,16173.11,735,38.51
0802020001,08FRUV     ,33784.7,15915.03,736,47.11
0308030002,03CARN     ,42186.22,15856.72,642,37.59
0501040006,05CHAR     ,37150.86,15352.32,701,41.32
0802010025,08FRUV     ,39048.5,15207.2,735,38.94
0308050013,03CARN     ,48546.67,14949.88,726,30.79
0803010027,08FRUV     ,26635.33,14815.31,736,55.62
0309020019,03CARN     ,22876.25,14778.05,288,64.6
0309020009,03CARN     ,35559.73,14695.14,680,41.33
0802030010,08FRUV     ,32447.63,14472.88,619,44.6
0509100036,05CHAR     ,48598.91,14441.98,450,29.72
0805010006,08FRUV     ,34546.91,14424.93,606,41.75
0504040026,05CHAR     ,40049.14,14163.09,698,35.36
0308010003,03CARN     ,32989.87,13838.0,607,41.95
0805010116,08FRUV     ,28158.65,13756.99,736,48.86
0806010010,08FRUV     ,36130.83,13721.28,736,37.98
0309030006,03CARN     ,31367.27,13624.92,664,43.44
0806010001,08FRUV     ,32684.77,13546.22,736,41.45
0803010009,08FRUV     ,27426.33,12984.8,736,47.34
0503020038,05CHAR     ,33445.72,12970.23,707,38.78
0504030022,05CHAR     ,33856.24,12842.71,734,37.93
0802010022,08FRUV     ,30515.15,12738.03,736,41.74
0503020051,05CHAR     ,29153.69,12680.46,336,43.5
0802020005,08FRUV     ,32399.6,12420.89,736,38.34
0301050001,03CARN     ,33572.21,12289.45,646,36.61
0502040028,05CHAR     ,31944.34,12025.59,656,37.65
0509130036,05CHAR     ,37801.42,11634.13,509,30.78
0802010010,08FRUV     ,33127.26,11248.26,736,33.95
0503020046,05CHAR     ,22842.06,11232.58,608,49.17
0805020011,08FRUV     ,22192.01,11036.68,733,49.73
0509160028,05CHAR     ,27721.1,11030.74,548,39.79
0309020013,03CARN     ,19476.1,10900.64,471,55.97
0802020007,08FRUV     ,28416.39,10652.36,736,37.49
0509070003,05CHAR     ,25289.69,10544.77,640,41.7
0802010020,08FRUV     ,51928.31,10020.5,736,19.3
0302010044,03CARN     ,25620.42,9493.45,668,37.05
0803010022,08FRUV     ,13307.26,9230.77,641,69.37
0803010007,08FRUV     ,17824.88,9029.97,532,50.66
0802050002,08FRUV     ,23535.97,9001.35,676,38.25
0308040005,03CARN     ,28288.45,8798.84,343,31.1
0308040007,03CARN     ,32755.03,8707.03,458,26.58
0502040033,05CHAR     ,21989.58,8406.55,703,38.23
0805020001,08FRUV     ,14722.02,8387.33,736,56.97
0509160008,05CHAR     ,16513.74,8348.03,642,50.55
0504030027,05CHAR     ,21989.51,8324.17,709,37.86
0509160007,05CHAR     ,16552.75,8277.62,653,50.01
0301070005,03CARN     ,14301.42,8213.14,249,57.43
0301040005,03CARN     ,23943.23,8095.14,728,33.81
0801010003,08FRUV     ,10794.65,8088.19,684,74.93
0509150029,05CHAR     ,29594.75,7880.2,618,26.63
0802040010,08FRUV     ,12375.49,7709.63,682,62.3
0803010028,08FRUV     ,27568.52,7697.54,736,27.92
0802010006,08FRUV     ,23660.87,7597.5,733,32.11
0509160003,05CHAR     ,14935.56,7587.51,656,50.8
0308050017,03CARN     ,13856.76,7576.51,595,54.68
0309030001,03CARN     ,16412.32,7543.6,578,45.96
0806010009,08FRUV     ,21670.04,7462.69,736,34.44
0801010015,08FRUV     ,13952.32,7168.53,526,51.38
0504050003,05CHAR     ,19245.77,7163.48,733,37.22
0502040051,05CHAR     ,19671.76,7157.52,601,36.38
0502080046,05CHAR     ,18493.11,7146.48,736,38.64
0502040026,05CHAR     ,20762.13,7131.39,706,34.35
0805020018,08FRUV     ,19315.8,7078.22,691,36.64
0507020016,05CHAR     ,16012.94,7042.38,525,43.98
0801010007,08FRUV     ,8015.42,7009.85,478,87.45
0302010045,03CARN     ,19203.5,6981.86,671,36.36
0309020018,03CARN     ,10610.05,6956.75,218,65.57
0509140014,05CHAR     ,14627.32,6943.59,590,47.47
0301030002,03CARN     ,21474.96,6933.63,672,32.29
0806010005,08FRUV     ,29694.0,6885.45,731,23.19
0509060007,05CHAR     ,15831.8,6806.42,686,42.99
0309030004,03CARN     ,9011.61,6767.26,355,75.09
0509100019,05CHAR     ,14736.33,6569.39,663,44.58
0509180019,05CHAR     ,14212.74,6545.73,687,46.06
0802040004,08FRUV     ,13198.31,6534.73,578,49.51
0504040015,05CHAR     ,17942.89,6513.59,703,36.3
0309040011,03CARN     ,8127.95,6474.96,262,79.66
0805020006,08FRUV     ,16252.56,6456.37,393,39.73
0803010010,08FRUV     ,16190.98,6444.49,736,39.8
0806010007,08FRUV     ,19342.02,6362.83,736,32.9
0309030007,03CARN     ,8568.99,6339.24,370,73.98
0802040026,08FRUV     ,10349.99,6237.81,421,60.27
0509130013,05CHAR     ,15753.6,6157.62,717,39.09
0509090003,05CHAR     ,14944.74,6112.38,537,40.9
0309030005,03CARN     ,16097.12,6063.38,672,37.67
0309030002,03CARN     ,9182.76,5971.82,313,65.03
0504040014,05CHAR     ,15447.38,5958.42,727,38.57
0509100020,05CHAR     ,13941.15,5929.88,347,42.54
0504020027,05CHAR     ,15832.16,5909.67,709,37.33
0301010003,03CARN     ,14423.61,5890.88,244,40.84
0501040017,05CHAR     ,14186.7,5879.03,281,41.44
0805020008,08FRUV     ,10007.17,5848.23,712,58.44
0504020022,05CHAR     ,16618.61,5753.18,530,34.62
0503020052,05CHAR     ,17395.76,5507.25,109,31.66
0509110003,05CHAR     ,10208.85,5480.01,450,53.68
0802040029,08FRUV     ,9961.11,5476.9,544,54.98
0502090003,05CHAR     ,13595.07,5456.36,683,40.13
0308050004,03CARN     ,8259.51,5332.36,478,64.56
0302010028,03CARN     ,12599.15,5242.33,627,41.61
0805020026,08FRUV     ,10962.13,5241.34,618,47.81
0805020022,08FRUV     ,8626.5,5230.19,661,60.63
0507020023,05CHAR     ,12720.67,5218.74,504,41.03
0509150015,05CHAR     ,13470.74,5215.39,702,38.72
0802040002,08FRUV     ,9183.83,5202.23,514,56.65
0801010004,08FRUV     ,7379.29,5180.39,650,70.2
0805010066,08FRUV     ,21196.95,5168.63,219,24.38
0504040011,05CHAR     ,16373.31,5135.33,720,31.36
0805010088,08FRUV     ,14661.68,5108.05,678,34.84
0802040022,08FRUV     ,9277.33,5099.53,550,54.97
0802040007,08FRUV     ,7077.04,5083.53,510,71.83
0509160006,05CHAR     ,11279.17,5072.39,559,44.97
0803010020,08FRUV     ,7838.48,4966.35,638,63.36
0503020041,05CHAR     ,12831.72,4954.35,435,38.61
0502070001,05CHAR     ,11551.35,4922.45,607,42.61
0504030035,05CHAR     ,15702.8,4920.65,458,31.34
0509030069,05CHAR     ,11441.85,4910.02,614,42.91
0805010132,08FRUV     ,10303.1,4852.92,619,47.1
0801010036,08FRUV     ,6236.27,4777.18,638,76.6
0805020016,08FRUV     ,9932.43,4776.01,616,48.09
0507020008,05CHAR     ,11805.61,4775.64,539,40.45
0509100030,05CHAR     ,8851.19,4773.42,402,53.93
0802010009,08FRUV     ,10609.23,4758.14,669,44.85
0309040004,03CARN     ,7085.29,4730.72,409,66.77
0502040048,05CHAR     ,14670.32,4715.38,618,32.14
0509070006,05CHAR     ,9867.93,4708.49,568,47.72
0305010001,03CARN     ,13497.91,4600.74,501,34.08
0509120011,05CHAR     ,12309.49,4572.34,248,37.14
0802030003,08FRUV     ,11346.71,4460.41,629,39.31
0802030008,08FRUV     ,11981.49,4441.48,721,37.07
0801010030,08FRUV     ,8087.6,4437.62,505,54.87
0802010027,08FRUV     ,33136.52,4428.43,736,13.36
0502040005,05CHAR     ,11076.36,4348.29,618,39.26
0802040024,08FRUV     ,7933.8,4336.41,461,54.66
0802020004,08FRUV     ,12983.19,4284.01,736,33.0
0801010027,08FRUV     ,8461.53,4281.26,599,50.6
0801010008,08FRUV     ,7360.82,4211.75,526,57.22
0806010008,08FRUV     ,14560.22,4190.45,736,28.78
0509150009,05CHAR     ,10999.49,4187.98,613,38.07
0509130007,05CHAR     ,10460.82,4170.92,622,39.87
0805010087,08FRUV     ,8893.71,4166.23,630,46.84
0805010256,08FRUV     ,8228.07,4142.26,185,50.34
0801010009,08FRUV     ,7547.39,4112.59,495,54.49
0308050005,03CARN     ,6015.76,4110.58,352,68.33
0502040047,05CHAR     ,14709.47,4078.95,648,27.73
0801010034,08FRUV     ,6750.69,4077.36,627,60.4
0805010086,08FRUV     ,8733.09,4069.6,690,46.6
0805010123,08FRUV     ,9776.83,4064.53,635,41.57
0801010040,08FRUV     ,6507.31,4035.92,281,62.02
0805010095,08FRUV     ,8087.86,3999.67,398,49.45
0502060007,05CHAR     ,9702.78,3901.46,713,40.21
0801010018,08FRUV     ,6268.44,3900.57,650,62.23
0802010005,08FRUV     ,7535.87,3890.07,695,51.62
0502040046,05CHAR     ,10645.81,3870.35,511,36.36
0802040021,08FRUV     ,7134.41,3837.67,552,53.79
0803010002,08FRUV     ,13155.76,3834.23,736,29.14
0302010020,03CARN     ,8561.53,3832.41,637,44.76
0805010180,08FRUV     ,8677.28,3783.91,650,43.61
0801010002,08FRUV     ,6273.84,3776.72,696,60.2
0801010016,08FRUV     ,5432.45,3742.03,689,68.88
0509060012,05CHAR     ,11096.79,3726.36,546,33.58
0502030006,05CHAR     ,7525.82,3721.91,448,49.46
0801010001,08FRUV     ,6381.39,3710.22,687,58.14
0805010055,08FRUV     ,8084.81,3702.34,534,45.79
0502080057,05CHAR     ,10023.9,3669.03,568,36.6
0310010007,03CARN     ,8241.0,3655.34,536,44.36
0509150012,05CHAR     ,9128.44,3620.09,534,39.66
0504030021,05CHAR     ,10019.77,3608.84,693,36.02
0509110005,05CHAR     ,8731.97,3587.3,326,41.08
0801010025,08FRUV     ,8805.73,3521.07,734,39.99
0502040045,05CHAR     ,9703.16,3480.08,612,35.87
0801010035,08FRUV     ,4186.09,3471.81,438,82.94
0802010015,08FRUV     ,50759.8,3436.41,732,6.77
0502080097,05CHAR     ,8801.96,3362.09,536,38.2
0802020009,08FRUV     ,7779.58,3347.06,607,43.02
0802030011,08FRUV     ,8253.33,3297.81,546,39.96
0802010026,08FRUV     ,88687.43,3296.99,736,3.72
0509030070,05CHAR     ,8103.24,3211.4,674,39.63
0803010016,08FRUV     ,5708.51,3208.93,703,56.21
0801010037,08FRUV     ,5459.24,3166.84,651,58.01
0502040025,05CHAR     ,8836.04,3154.27,622,35.7
0801010012,08FRUV     ,4984.55,3116.36,488,62.52
0502030005,05CHAR     ,5529.5,3091.9,296,55.92
0801010022,08FRUV     ,6487.08,3091.75,533,47.66
0805010198,08FRUV     ,7529.04,3068.68,484,40.76
0505030014,05CHAR     ,7901.74,3051.21,508,38.61
0509120007,05CHAR     ,5994.93,3045.67,252,50.8
0502080058,05CHAR     ,9613.03,2979.84,425,31.0
0802040017,08FRUV     ,4759.12,2958.67,640,62.17
0802040042,08FRUV     ,5037.32,2932.39,300,58.21
0802040019,08FRUV     ,4475.59,2929.59,621,65.46
0801010019,08FRUV     ,4677.12,2917.97,676,62.39
0502030004,05CHAR     ,5387.24,2916.37,287,54.13
0509110006,05CHAR     ,6996.46,2915.07,374,41.66
0501040015,05CHAR     ,7007.26,2899.24,468,41.37
0805020032,08FRUV     ,5031.46,2897.01,444,57.58
0505030036,05CHAR     ,8538.61,2872.44,465,33.64
0509130009,05CHAR     ,6711.92,2864.96,483,42.68
0806010004,08FRUV     ,20573.06,2859.98,736,13.9
0802040031,08FRUV     ,6099.71,2829.81,552,46.39
0504020026,05CHAR     ,7326.8,2826.42,686,38.58
0802040043,08FRUV     ,4927.15,2812.06,341,57.07
0805010106,08FRUV     ,6682.89,2806.14,618,41.99
0504030043,05CHAR     ,7611.51,2786.25,631,36.61
0505030034,05CHAR     ,8159.59,2780.03,461,34.07
0802040025,08FRUV     ,4201.41,2744.36,476,65.32
0801010020,08FRUV     ,4498.34,2731.76,586,60.73
0509100013,05CHAR     ,6936.15,2715.52,487,39.15
0802040036,08FRUV     ,4254.47,2697.44,240,63.4
0801010010,08FRUV     ,4380.09,2694.45,606,61.52
0802030001,08FRUV     ,5606.15,2676.4,408,47.74
0301020009,03CARN     ,9405.06,2670.45,450,28.39
0301030003,03CARN     ,6881.81,2668.67,387,38.78
0502060006,05CHAR     ,5699.9,2656.03,589,46.6
0802040027,08FRUV     ,4643.57,2631.45,522,56.67
0502080096,05CHAR     ,6330.7,2628.12,534,41.51
0505030013,05CHAR     ,6225.04,2622.37,486,42.13
0805020042,08FRUV     ,5172.46,2602.3,313,50.31
0802010002,08FRUV     ,132852.31,2551.59,736,1.92
0509030067,05CHAR     ,5826.9,2534.01,477,43.49
0805010160,08FRUV     ,5657.31,2500.21,481,44.19
0509030071,05CHAR     ,8951.99,2450.33,458,27.37
0502080086,05CHAR     ,6016.77,2446.31,606,40.66
0803010011,08FRUV     ,6085.5,2444.85,705,40.18
0805010273,08FRUV     ,6624.83,2426.08,649,36.62
0802030004,08FRUV     ,5665.29,2418.03,589,42.68
0805010270,08FRUV     ,7071.7,2398.91,629,33.92
0802040035,08FRUV     ,3825.06,2375.42,193,62.1
0802040001,08FRUV     ,4676.92,2347.16,249,50.19
0805020002,08FRUV     ,4105.06,2302.75,396,56.1
0801010006,08FRUV     ,4019.79,2297.19,388,57.15
0805020007,08FRUV     ,8211.19,2283.0,718,27.8
0504030014,05CHAR     ,5097.86,2270.65,580,44.54
0504040037,05CHAR     ,6491.72,2259.26,237,34.8
0803010013,08FRUV     ,6133.68,2257.68,518,36.81
0801010011,08FRUV     ,3621.74,2240.77,670,61.87
0801010024,08FRUV     ,3527.43,2213.74,343,62.76
0501030001,05CHAR     ,5454.03,2213.28,538,40.58
0502010336,05CHAR     ,5774.29,2208.23,522,38.24
0802010039,08FRUV     ,5338.17,2202.85,454,41.27
0501020003,05CHAR     ,4624.89,2176.16,509,47.05
0507020022,05CHAR     ,5022.6,2174.55,422,43.3
0504050008,05CHAR     ,4182.84,2166.41,576,51.79
0802030013,08FRUV     ,5198.07,2162.06,329,41.59
0801010005,08FRUV     ,3557.12,2156.81,664,60.63
0504030048,05CHAR     ,6163.32,2136.44,241,34.66
0509130029,05CHAR     ,6584.39,2123.56,142,32.25
0805010009,08FRUV     ,5848.46,2122.83,344,36.3
0505030038,05CHAR     ,5289.48,2103.02,393,39.76
0805010279,08FRUV     ,5602.58,2094.63,546,37.39
0502040057,05CHAR     ,5887.72,2086.59,645,35.44
0509100035,05CHAR     ,5770.91,2082.21,140,36.08
0802010019,08FRUV     ,22067.88,2066.8,731,9.37
0503040003,05CHAR     ,4657.52,2029.8,462,43.58
0505010030,05CHAR     ,5574.37,2023.8,579,36.31
0502010335,05CHAR     ,7427.94,2015.94,687,27.14
0802040013,08FRUV     ,2638.72,1996.72,414,75.67
0507020019,05CHAR     ,5035.56,1985.1,377,39.42
0502040049,05CHAR     ,5144.72,1982.21,574,38.53
0802010003,08FRUV     ,4087.1,1924.75,639,47.09
0802040012,08FRUV     ,3006.34,1915.88,487,63.73
0507020013,05CHAR     ,4112.11,1900.5,252,46.22
0504040035,05CHAR     ,5944.02,1899.42,177,31.96
0504040018,05CHAR     ,3488.32,1890.16,365,54.19
0502040013,05CHAR     ,5229.1,1888.49,228,36.12
0503040001,05CHAR     ,3761.18,1875.14,333,49.86
0503020002,05CHAR     ,4343.16,1860.97,552,42.85
0805020041,08FRUV     ,3537.17,1846.53,316,52.2
0805010120,08FRUV     ,4579.28,1817.54,613,39.69
0805010280,08FRUV     ,4627.4,1816.24,582,39.25
0805010079,08FRUV     ,4109.86,1804.7,451,43.91
0502080085,05CHAR     ,5124.42,1788.02,400,34.89
0802040030,08FRUV     ,2860.22,1783.84,371,62.37
0509160026,05CHAR     ,4542.85,1760.52,482,38.75
0502080098,05CHAR     ,4460.29,1720.1,414,38.56
0306010006,03CARN     ,4088.03,1706.33,445,41.74
0805010291,08FRUV     ,4519.26,1705.52,491,37.74
0805010017,08FRUV     ,3947.71,1702.26,326,43.12
0504020025,05CHAR     ,3420.65,1699.91,523,49.7
0805010010,08FRUV     ,4923.25,1699.81,463,34.53
0501030002,05CHAR     ,4090.02,1695.29,446,41.45
0805020040,08FRUV     ,3496.57,1691.86,312,48.39
0504040031,05CHAR     ,3688.32,1683.52,419,45.64
0803010029,08FRUV     ,3670.99,1645.42,705,44.82
0503030001,05CHAR     ,3863.05,1628.22,158,42.15
0506020001,05CHAR     ,19484.22,1619.01,515,8.31
0806010012,08FRUV     ,4192.85,1610.45,579,38.41
0504030041,05CHAR     ,3685.25,1606.36,343,43.59
0308050018,03CARN     ,2730.3,1602.78,59,58.7
0801010031,08FRUV     ,2671.24,1594.81,541,59.7
0306010007,03CARN     ,3737.81,1573.02,433,42.08
0306010009,03CARN     ,3896.09,1567.11,425,40.22
0507020017,05CHAR     ,3391.66,1560.77,244,46.02
0802040016,08FRUV     ,3043.33,1551.72,348,50.99
0507010002,05CHAR     ,4773.96,1543.52,293,32.33
0502010010,05CHAR     ,3469.46,1534.65,553,44.23
0301020006,03CARN     ,2491.35,1533.18,20,61.54
0308050010,03CARN     ,2630.56,1531.81,347,58.23
0502040056,05CHAR     ,4686.03,1514.73,248,32.32
0502080082,05CHAR     ,3545.73,1511.97,460,42.64
0801010032,08FRUV     ,2529.47,1501.8,476,59.37
0310010006,03CARN     ,3862.4,1488.16,407,38.53
0803010024,08FRUV     ,2992.95,1478.26,673,49.39
0801010021,08FRUV     ,2606.54,1469.52,531,56.38
0805020017,08FRUV     ,2914.31,1459.49,466,50.08
0503020003,05CHAR     ,3910.97,1457.0,411,37.25
0509040017,05CHAR     ,3969.94,1456.58,310,36.69
0805010007,08FRUV     ,2829.83,1450.83,233,51.27
0805010015,08FRUV     ,4146.75,1445.22,396,34.85
0801010017,08FRUV     ,2377.01,1442.67,208,60.69
0805010062,08FRUV     ,3351.77,1419.94,479,42.36
0502080105,05CHAR     ,4393.97,1411.6,337,32.13
0805010290,08FRUV     ,2957.27,1389.86,445,47.0
0507020006,05CHAR     ,3734.32,1383.77,213,37.06
0802040038,08FRUV     ,2875.11,1371.37,396,47.7
0805010026,08FRUV     ,3553.91,1368.24,500,38.5
0805010025,08FRUV     ,3639.29,1328.33,474,36.5
0805010169,08FRUV     ,2985.91,1320.01,341,44.21
0805020034,08FRUV     ,3542.52,1315.9,251,37.15
0802040028,08FRUV     ,2441.08,1308.85,275,53.62
0805010272,08FRUV     ,3518.69,1288.03,467,36.61
0805010281,08FRUV     ,3211.64,1281.19,544,39.89
0309040006,03CARN     ,1789.61,1277.77,212,71.4
0805010275,08FRUV     ,3200.72,1272.2,511,39.75
0401070006,05CHAR     ,3400.96,1271.16,437,37.38
0505030018,05CHAR     ,2844.31,1265.79,291,44.5
0805010022,08FRUV     ,3731.22,1261.72,444,33.82
0803010031,08FRUV     ,2982.3,1260.41,569,42.26
0801010023,08FRUV     ,2188.03,1246.36,259,56.96
0502080081,05CHAR     ,3032.91,1235.47,407,40.74
0802040014,08FRUV     ,1834.56,1192.74,314,65.02
0505010020,05CHAR     ,2877.08,1190.91,359,41.39
0805010071,08FRUV     ,3465.05,1187.48,389,34.27
0302010046,03CARN     ,2726.14,1153.33,369,42.31
0805010258,08FRUV     ,3272.42,1135.77,293,34.71
0502080101,05CHAR     ,2685.83,1135.34,265,42.27
0502080104,05CHAR     ,3529.93,1132.29,324,32.08
0302010043,03CARN     ,2667.15,1126.97,369,42.25
0805010265,08FRUV     ,3247.34,1113.86,261,34.3
0805010104,08FRUV     ,2702.74,1113.07,526,41.18
0505010019,05CHAR     ,2867.71,1110.54,308,38.73
0504030046,05CHAR     ,2387.97,1108.02,206,46.4
0505030037,05CHAR     ,2709.06,1099.42,349,40.58
0801010041,08FRUV     ,2440.26,1095.82,464,44.91
0805010190,08FRUV     ,2943.34,1092.68,524,37.12
0805010134,08FRUV     ,3233.61,1088.05,552,33.65
0805010276,08FRUV     ,2992.4,1085.44,466,36.27
0310020017,03CARN     ,2745.56,1079.82,365,39.33
0805020027,08FRUV     ,2588.77,1079.65,443,41.71
0802010018,08FRUV     ,2620.65,1075.24,462,41.03
0509160029,05CHAR     ,2707.36,1068.99,218,39.48
0805010065,08FRUV     ,3566.85,1067.96,351,29.94
0803010023,08FRUV     ,2485.57,1067.83,681,42.96
0501040014,05CHAR     ,2760.37,1062.04,254,38.47
0805010266,08FRUV     ,3017.88,1059.47,464,35.11
0301060010,03CARN     ,2442.8,1057.8,147,43.3
0805010109,08FRUV     ,2976.71,1054.96,306,35.44
0306010013,03CARN     ,2599.97,1047.87,336,40.3
0506030025,05CHAR     ,2799.28,1038.57,490,37.1
0310020015,03CARN     ,2754.61,996.74,401,36.18
0301020012,03CARN     ,6087.62,994.96,238,16.34
0805010036,08FRUV     ,2555.46,990.81,289,38.77
0301060015,03CARN     ,2217.25,989.41,178,44.62
0805010253,08FRUV     ,2552.06,987.1,293,38.68
0805010125,08FRUV     ,2838.22,987.0,554,34.78
0802040005,08FRUV     ,1427.7,985.39,272,69.02
0803010003,08FRUV     ,2701.72,983.01,708,36.38
0302010042,03CARN     ,2253.72,974.16,329,43.22
0502040024,05CHAR     ,2287.15,960.27,326,41.99
0805010029,08FRUV     ,2795.13,959.98,198,34.34
0503020049,05CHAR     ,4315.98,959.83,123,22.24
0306010005,03CARN     ,2140.51,958.95,313,44.8
0505010018,05CHAR     ,2464.32,953.67,420,38.7
0502040034,05CHAR     ,2269.28,947.83,348,41.77
0802040041,08FRUV     ,1578.32,945.69,313,59.92
0310020018,03CARN     ,1993.59,940.21,250,47.16
0803010017,08FRUV     ,2141.31,916.17,707,42.79
0806010003,08FRUV     ,2174.07,913.34,549,42.01
0507010003,05CHAR     ,2673.52,893.49,268,33.42
0805020043,08FRUV     ,1200.58,891.64,300,74.27
0805010052,08FRUV     ,2663.54,883.31,347,33.16
0805010238,08FRUV     ,2560.07,883.0,239,34.49
0805010051,08FRUV     ,2665.48,877.31,338,32.91
0505030043,05CHAR     ,1962.71,874.18,171,44.54
0301060003,03CARN     ,1867.44,859.66,119,46.03
0504030045,05CHAR     ,2785.88,858.37,176,30.81
0805010165,08FRUV     ,1883.73,857.64,405,45.53
0803010001,08FRUV     ,1776.3,855.79,509,48.18
0805020020,08FRUV     ,1324.73,850.06,104,64.17
0805010018,08FRUV     ,2506.52,843.87,380,33.67
0805010271,08FRUV     ,2422.34,838.46,493,34.61
0504030049,05CHAR     ,2245.45,831.83,226,37.05
0805010163,08FRUV     ,1835.29,823.6,400,44.88
0802020002,08FRUV     ,1367.87,817.91,590,59.79
0805010249,08FRUV     ,2277.59,816.47,220,35.85
0805010274,08FRUV     ,2454.23,807.94,501,32.92
0502080094,03CARN     ,1731.84,804.68,299,46.46
0310020016,03CARN     ,2411.35,803.29,369,33.31
0805010161,08FRUV     ,1742.15,793.92,371,45.57
0506030023,05CHAR     ,1899.62,792.71,391,41.73
0805020003,08FRUV     ,1516.49,781.96,246,51.56
0302010038,03CARN     ,1650.52,775.77,222,47.0
0507020020,05CHAR     ,1878.74,759.97,244,40.45
0509130032,05CHAR     ,1944.9,756.66,247,38.9
0805010252,08FRUV     ,1922.15,750.05,294,39.02
0504040036,05CHAR     ,1936.21,737.7,205,38.1
0301060012,03CARN     ,1839.89,735.02,111,39.95
0805020014,08FRUV     ,1536.64,730.56,232,47.54
0802040037,08FRUV     ,1229.54,718.95,254,58.47
0302010030,03CARN     ,1692.38,718.31,222,42.44
0802010042,08FRUV     ,1969.43,715.73,193,36.34
0505010031,05CHAR     ,1749.47,712.06,342,40.7
0507020026,05CHAR     ,2469.77,709.86,251,28.74
0509010014,05CHAR     ,1679.86,689.33,225,41.03
0507020027,05CHAR     ,1416.69,682.72,121,48.19
0302010032,03CARN     ,1610.68,678.98,200,42.15
0301020001,03CARN     ,889.09,674.43,11,75.86
0502080031,05CHAR     ,1742.47,674.06,283,38.68
0302010029,03CARN     ,1581.76,673.94,210,42.61
0503020045,05CHAR     ,1931.12,667.15,89,34.55
0507020002,05CHAR     ,1651.58,663.98,112,40.2
0507020018,05CHAR     ,1326.34,648.87,129,48.92
0802010017,08FRUV     ,32809.87,639.18,341,1.95
0302010031,03CARN     ,1434.94,638.41,245,44.49
0504020024,05CHAR     ,1772.69,635.83,140,35.87
0805020010,08FRUV     ,1380.68,628.55,140,45.52
0509010013,05CHAR     ,1699.29,627.11,234,36.9
0509160009,05CHAR     ,1554.17,616.96,136,39.7
0802040044,08FRUV     ,1334.46,615.22,71,46.1
0507010007,05CHAR     ,1801.26,606.84,178,33.69
0805010287,08FRUV     ,1703.82,602.85,373,35.38
0503020047,05CHAR     ,1400.94,597.0,88,42.61
0503020011,05CHAR     ,1411.44,593.37,80,42.04
0509160030,05CHAR     ,1457.06,590.99,160,40.56
0805010257,08FRUV     ,1763.69,585.39,177,33.19
0802040040,08FRUV     ,955.7,583.07,224,61.01
0803010015,08FRUV     ,1503.3,576.66,186,38.36
0502080075,05CHAR     ,1554.05,575.94,155,37.06
0805010254,08FRUV     ,1584.71,574.81,240,36.27
0506030022,05CHAR     ,1283.77,559.66,300,43.6
0302010050,03CARN     ,1493.44,556.21,95,37.24
0805010288,08FRUV     ,1476.89,553.44,349,37.47
0502080072,05CHAR     ,1448.21,553.44,138,38.22
0805010286,08FRUV     ,1596.4,551.31,312,34.53
0805010162,08FRUV     ,1200.85,550.92,280,45.88
0504020028,05CHAR     ,1574.89,544.7,149,34.59
0302010051,03CARN     ,1456.46,543.63,112,37.33
0509030068,05CHAR     ,1363.57,541.38,138,39.7
0301060020,03CARN     ,1084.37,528.07,50,48.7
0509040018,05CHAR     ,1441.37,527.46,146,36.59
0805020013,08FRUV     ,1638.83,526.88,116,32.15
0505030045,05CHAR     ,1144.87,512.16,289,44.74
0805010049,08FRUV     ,1452.0,505.96,237,34.85
0309020022,03CARN     ,712.21,500.07,43,70.21
0505030005,05CHAR     ,1187.34,498.4,178,41.98
0505030040,05CHAR     ,1110.65,486.86,160,43.84
0502080087,05CHAR     ,1409.31,483.22,387,34.29
0502080102,05CHAR     ,1278.83,480.94,291,37.61
0805010069,08FRUV     ,1117.99,480.52,98,42.98
0309020021,03CARN     ,680.33,479.27,56,70.45
0803010063,08FRUV     ,1222.07,476.93,77,39.03
0805010277,08FRUV     ,1346.81,473.42,426,35.15
0805010024,08FRUV     ,1256.48,463.66,217,36.9
0309020006,03CARN     ,645.75,461.53,54,71.47
0801010042,08FRUV     ,1096.01,461.13,581,42.07
0805010128,08FRUV     ,1175.69,453.48,456,38.57
0805010053,08FRUV     ,1263.99,452.87,200,35.83
0805010284,08FRUV     ,1329.57,445.53,256,33.51
0302010041,03CARN     ,1038.65,443.2,167,42.67
0805010167,08FRUV     ,875.23,435.93,287,49.81
0805020033,08FRUV     ,797.0,434.36,184,54.5
0805010278,08FRUV     ,1135.09,425.35,299,37.47
0302010037,03CARN     ,804.07,416.82,118,51.84
0302010055,03CARN     ,1130.67,411.36,103,36.38
0502080071,05CHAR     ,1062.59,410.32,114,38.62
0806010002,08FRUV     ,49105.59,408.91,735,0.83
0505030041,05CHAR     ,904.18,398.87,117,44.11
0302010049,03CARN     ,1026.57,390.14,63,38.0
0505030042,05CHAR     ,812.68,390.09,118,48.0
0301060002,03CARN     ,736.86,388.84,30,52.77
0802040046,08FRUV     ,812.97,367.65,56,45.22
0502080073,05CHAR     ,933.45,366.32,111,39.24
0301060019,03CARN     ,736.76,355.65,31,48.27
0505010029,05CHAR     ,823.78,354.23,152,43.0
0310010003,03CARN     ,906.25,353.95,72,39.06
0803010062,08FRUV     ,630.06,353.19,75,56.06
0805010129,08FRUV     ,707.27,353.03,203,49.91
0308050021,03CARN     ,553.72,343.18,92,61.98
0802020003,08FRUV     ,758.65,335.9,400,44.28
0805010127,08FRUV     ,915.52,326.33,200,35.64
0309040001,03CARN     ,585.7,325.29,104,55.54
0505010015,05CHAR     ,812.17,319.62,144,39.35
0309040008,03CARN     ,482.34,317.73,30,65.87
0802040047,08FRUV     ,740.39,316.91,51,42.8
0505030044,05CHAR     ,667.22,309.81,195,46.43
0302010053,03CARN     ,867.22,309.36,68,35.67
0504030047,05CHAR     ,679.09,305.14,52,44.93
0805010268,08FRUV     ,884.42,304.73,311,34.46
0509120012,05CHAR     ,607.23,304.44,80,50.14
0509110004,05CHAR     ,1055.72,302.84,116,28.69
0502080095,03CARN     ,625.64,301.05,135,48.12
0805010267,08FRUV     ,860.71,296.91,308,34.5
0802010008,08FRUV     ,763.11,296.68,228,38.88
0503050027,05CHAR     ,637.45,292.11,50,45.82
0509100009,05CHAR     ,622.79,286.42,80,45.99
0805020023,08FRUV     ,386.9,285.63,163,73.83
0805010019,08FRUV     ,1012.68,285.49,261,28.19
0803010025,08FRUV     ,668.83,285.34,311,42.66
0509130035,05CHAR     ,665.12,282.91,79,42.54
0504020029,05CHAR     ,771.73,266.47,67,34.53
0805010269,08FRUV     ,740.53,264.53,272,35.72
0506030026,05CHAR     ,560.49,262.27,146,46.79
0503030066,05CHAR     ,591.74,260.39,18,44.0
0805010122,08FRUV     ,667.13,258.72,204,38.78
0507010006,05CHAR     ,723.16,250.48,85,34.64
0504040038,05CHAR     ,723.53,245.7,53,33.96
0805010248,08FRUV     ,665.14,244.95,129,36.83
0805010166,08FRUV     ,518.07,243.93,204,47.08
0302010026,03CARN     ,600.09,242.13,103,40.35
0805010168,08FRUV     ,507.18,242.12,211,47.74
0802010023,08FRUV     ,498.63,230.25,99,46.18
0302010054,03CARN     ,634.68,229.67,58,36.19
0302010048,03CARN     ,614.11,228.77,68,37.25
0805010197,08FRUV     ,528.65,214.17,208,40.51
0802020011,08FRUV     ,391.71,213.12,85,54.41
0302010024,03CARN     ,528.62,210.76,67,39.87
0805010182,08FRUV     ,504.36,206.9,78,41.02
0802010013,08FRUV     ,723.68,206.31,166,28.51
0507010005,05CHAR     ,538.77,199.77,63,37.08
0507010011,05CHAR     ,577.74,199.46,68,34.52
0805010245,08FRUV     ,436.47,192.81,94,44.17
0505030047,05CHAR     ,461.6,185.42,59,40.17
0302010023,03CARN     ,456.96,178.68,59,39.1
0504050009,05CHAR     ,464.25,178.28,47,38.4
0503020013,05CHAR     ,439.86,174.39,15,39.65
0308050002,03CARN     ,281.58,173.27,46,61.53
0805010124,08FRUV     ,433.09,172.16,132,39.75
0805010164,08FRUV     ,454.85,171.34,95,37.67
0502080107,05CHAR     ,466.41,170.83,46,36.63
0803010055,08FRUV     ,371.02,165.63,187,44.64
0509180028,05CHAR     ,275.66,164.84,38,59.8
0805020004,08FRUV     ,196.73,162.95,6,82.83
0805010189,08FRUV     ,407.83,160.47,158,39.35
0805010199,08FRUV     ,332.81,158.18,163,47.53
0502080074,05CHAR     ,415.54,157.04,44,37.79
0505010004,05CHAR     ,1487.57,155.42,264,10.45
0504030033,05CHAR     ,314.89,153.33,46,48.69
0805010072,08FRUV     ,994.55,151.93,177,15.28
0509040009,05CHAR     ,347.12,149.65,46,43.11
0805010011,08FRUV     ,794.29,149.12,119,18.77
0306010012,03CARN     ,350.61,146.68,63,41.84
0502080076,05CHAR     ,348.1,144.71,42,41.57
0802010033,08FRUV     ,409.8,144.65,166,35.3
0805010196,08FRUV     ,346.19,140.49,128,40.58
0803010056,08FRUV     ,387.81,133.95,216,34.54
0505010033,05CHAR     ,250.74,131.65,59,52.5
0502080043,05CHAR     ,286.62,128.48,36,44.83
0301060016,03CARN     ,228.75,126.49,14,55.3
0502080039,05CHAR     ,336.36,126.06,40,37.48
0502080035,05CHAR     ,306.81,125.58,38,40.93
0805010131,08FRUV     ,259.6,123.66,35,47.63
0310020004,03CARN     ,264.63,122.85,29,46.42
0505030011,05CHAR     ,215.82,120.96,31,56.05
0803010008,08FRUV     ,222.07,118.6,61,53.41
0502080041,05CHAR     ,288.26,118.14,36,40.98
0502080042,05CHAR     ,325.63,117.89,38,36.2
0803010018,08FRUV     ,270.54,108.93,178,40.26
0509020002,05CHAR     ,210.04,107.93,36,51.39
0802040039,08FRUV     ,213.56,105.77,27,49.53
0805010063,08FRUV     ,211.01,105.35,66,49.93
0301060008,03CARN     ,127.64,102.98,7,80.68
0504030032,05CHAR     ,208.13,98.46,37,47.31
0309040002,03CARN     ,118.34,95.17,14,80.42
0805010113,08FRUV     ,266.19,90.89,80,34.14
0805010038,08FRUV     ,341.84,90.31,34,26.42
0802010028,08FRUV     ,237.87,89.63,17,37.68
0805010013,08FRUV     ,531.98,89.63,132,16.85
0802010031,08FRUV     ,230.35,86.52,69,37.56
0308050003,03CARN     ,134.94,86.32,21,63.97
0302010025,03CARN     ,226.83,84.76,31,37.37
0803010005,08FRUV     ,188.53,84.7,47,44.93
0803010026,08FRUV     ,122.24,77.95,72,63.77
0508010001,05CHAR     ,54542.89,74.95,736,0.14
0805010194,08FRUV     ,202.64,72.46,100,35.76
0805010195,08FRUV     ,187.93,68.38,95,36.39
0802050004,08FRUV     ,207.16,65.92,44,31.82
0803010033,08FRUV     ,70.5,62.86,3,89.16
0509100038,05CHAR     ,178.56,62.24,17,34.86
0509040010,05CHAR     ,155.21,61.85,22,39.85
0306010016,03CARN     ,143.33,58.66,32,40.93
0509040015,05CHAR     ,144.75,58.25,20,40.24
0508010002,05CHAR     ,35118.93,55.43,735,0.16
0309040012,03CARN     ,71.79,54.83,3,76.38
0805010283,08FRUV     ,143.11,53.48,25,37.37
0805010193,08FRUV     ,149.53,53.31,67,35.65
0805010188,08FRUV     ,135.65,52.85,44,38.96
0805010282,08FRUV     ,124.95,52.67,22,42.15
0509140009,05CHAR     ,96.37,52.01,6,53.97
0509040013,05CHAR     ,115.9,49.63,16,42.82
0505030046,05CHAR     ,79.64,49.52,13,62.18
0308040006,03CARN     ,94.49,47.33,2,50.09
0310020005,03CARN     ,53.7,45.78,8,85.25
0802010036,08FRUV     ,73.71,43.24,24,58.66
0301020008,03CARN     ,1851.43,43.11,231,2.33
0803010004,08FRUV     ,87.84,40.88,35,46.54
0803010034,08FRUV     ,52.85,40.75,14,77.11
0802010030,08FRUV     ,23242.75,40.61,734,0.17
0503020053,05CHAR     ,92.01,39.7,2,43.15
0509040011,05CHAR     ,90.8,37.45,13,41.24
0306010014,03CARN     ,118.14,36.18,20,30.62
0309030008,03CARN     ,4470.82,33.67,207,0.75
0509040012,05CHAR     ,76.74,33.29,11,43.38
0805010247,08FRUV     ,82.26,32.29,30,39.25
0302010027,03CARN     ,44.28,30.19,6,68.18
0805010181,08FRUV     ,69.42,29.61,19,42.65
0509040016,05CHAR     ,61.26,27.76,9,45.32
0802040045,08FRUV     ,46.88,27.68,12,59.04
0803010021,08FRUV     ,51.74,27.42,44,53.0
0805010187,08FRUV     ,65.59,27.19,27,41.45
0503020022,05CHAR     ,115.56,24.32,4,21.05
0805010192,08FRUV     ,60.36,22.38,12,37.08
0509100008,05CHAR     ,58.2,21.87,5,37.58
0509150027,05CHAR     ,39.61,18.95,6,47.84
0505020004,05CHAR     ,46.63,18.56,7,39.8
0308050012,03CARN     ,31.19,18.37,2,58.9
0805010105,08FRUV     ,43.23,17.19,8,39.76
0509090007,05CHAR     ,35.62,16.82,4,47.22
0803010061,08FRUV     ,21.92,14.96,1,68.25
0805010001,08FRUV     ,741.28,14.21,97,1.92
0509070008,05CHAR     ,34.07,13.59,3,39.89
0509150028,05CHAR     ,31.89,13.38,5,41.96
0502050006,05CHAR     ,6812.26,13.11,446,0.19
0805020009,08FRUV     ,22.79,12.92,3,56.69
0306010015,03CARN     ,37.38,12.88,10,34.46
0502080108,05CHAR     ,34.24,12.65,5,36.95
0310010004,03CARN     ,29.63,12.59,2,42.49
0502080106,05CHAR     ,35.16,12.49,3,35.52
0503030061,05CHAR     ,18.21,12.19,1,66.94
0802020006,08FRUV     ,36.08,12.0,15,33.26
0310010005,03CARN     ,13.28,11.48,3,86.45
0308020002,03CARN     ,22.42,10.96,5,48.88
0802010034,08FRUV     ,12.66,10.59,1,83.65
0803010030,08FRUV     ,10.58,10.58,7,100.0
0509120008,05CHAR     ,21.27,10.26,2,48.24
0805010108,08FRUV     ,26.73,8.79,7,32.88
0502040041,05CHAR     ,20.52,8.63,3,42.06
0805020029,08FRUV     ,10.07,8.41,1,83.52
0805020024,08FRUV     ,16.19,8.08,2,49.91
0310020012,03CARN     ,8.44,7.31,1,86.61
0805010255,08FRUV     ,7.86,7.13,1,90.71
0803010058,08FRUV     ,7.72,6.91,3,89.51
0805020036,08FRUV     ,9.8,6.74,1,68.78
0308050001,03CARN     ,11.82,6.7,1,56.68
0802040034,08FRUV     ,8.89,6.57,1,73.9
0502030010,03CARN     ,15.02,6.12,3,40.75
0802010038,08FRUV     ,7.03,6.06,1,86.2
0302010001,03CARN     ,8.43,5.45,1,64.65
0502040017,05CHAR     ,14.42,5.09,3,35.3
0505030033,05CHAR     ,13.48,4.92,1,36.5
0507010009,05CHAR     ,17.93,4.66,2,25.99
0309030009,03CARN     ,2762.98,4.51,158,0.16
0509130031,05CHAR     ,9.59,4.39,2,45.78
0806010014,08FRUV     ,10.23,4.32,4,42.23
0302010022,03CARN     ,5.79,4.03,1,69.6
0803010057,08FRUV     ,10.69,3.96,5,37.04
0309020001,03CARN     ,12.39,3.95,1,31.88
0505030039,05CHAR     ,10.53,3.84,1,36.47
0302010040,03CARN     ,5.79,3.79,1,65.46
0805020005,08FRUV     ,8.11,3.22,2,39.7
0805010241,08FRUV     ,9.07,3.21,1,35.39
0306010011,03CARN     ,7.98,3.09,2,38.72
0310020013,03CARN     ,5.98,2.75,1,45.99
0509130024,05CHAR     ,11.32,2.74,1,24.2
0805010103,08FRUV     ,4.45,2.61,1,58.65
0502040021,05CHAR     ,5.13,2.25,1,43.86
0504050007,05CHAR     ,9.99,1.99,1,19.92
0802030002,08FRUV     ,2.23,1.91,2,85.65
0805010004,08FRUV     ,797.78,1.86,163,0.23
0805010244,08FRUV     ,3.65,1.65,1,45.21
0803010006,08FRUV     ,1.59,1.59,23,100.0
0802010041,08FRUV     ,3.35,1.27,1,37.91
0802010016,08FRUV     ,166.48,0.42,14,0.25
0802010021,08FRUV     ,359.05,0.36,36,0.1
0502050007,05CHAR     ,85.53,0.08,18,0.09
0802010004,08FRUV     ,44.28,0.04,4,0.09
0802010011,08FRUV     ,10.95,0.03,3,0.27
